--
-- PostgreSQL database cluster dump
--

-- Started on 2022-02-10 01:27:06

SET default_transaction_read_only = off;

SET client_encoding = 'UTF8';
SET standard_conforming_strings = on;

--
-- Roles
--

CREATE ROLE postgres;
ALTER ROLE postgres WITH SUPERUSER INHERIT CREATEROLE CREATEDB LOGIN REPLICATION BYPASSRLS PASSWORD 'SCRAM-SHA-256$4096:RhlNd4AXhE5ALXTjjxhjVQ==$UK+TdsT3lctO0r+Ef/F159NDqTNGYWJnrHxnCmnNpoc=:Cai0DJ0KbcuNHk+v16WYsnJe14bHsMhXwjZWFlnRWds=';
CREATE ROLE usuario_consulta;
ALTER ROLE usuario_consulta WITH NOSUPERUSER INHERIT NOCREATEROLE NOCREATEDB LOGIN NOREPLICATION NOBYPASSRLS PASSWORD 'SCRAM-SHA-256$4096:hMAodq1L1M1G3+EC6lxrkw==$OfdBqGbaHtWKAe7VUtbaMKAUAAO6r9Vcsl19qq1+/Ug=:r7gWd3FS6DRRd9RKQR2nQ++KGfA14cG+iOTsoSzEBp8=';






--
-- Databases
--

--
-- Database "template1" dump
--

\connect template1

--
-- PostgreSQL database dump
--

-- Dumped from database version 14.1
-- Dumped by pg_dump version 14.1

-- Started on 2022-02-10 01:27:07

SET statement_timeout = 0;
SET lock_timeout = 0;
SET idle_in_transaction_session_timeout = 0;
SET client_encoding = 'UTF8';
SET standard_conforming_strings = on;
SELECT pg_catalog.set_config('search_path', '', false);
SET check_function_bodies = false;
SET xmloption = content;
SET client_min_messages = warning;
SET row_security = off;

-- Completed on 2022-02-10 01:27:09

--
-- PostgreSQL database dump complete
--

--
-- Database "login_bd" dump
--

--
-- PostgreSQL database dump
--

-- Dumped from database version 14.1
-- Dumped by pg_dump version 14.1

-- Started on 2022-02-10 01:27:09

SET statement_timeout = 0;
SET lock_timeout = 0;
SET idle_in_transaction_session_timeout = 0;
SET client_encoding = 'UTF8';
SET standard_conforming_strings = on;
SELECT pg_catalog.set_config('search_path', '', false);
SET check_function_bodies = false;
SET xmloption = content;
SET client_min_messages = warning;
SET row_security = off;

--
-- TOC entry 3342 (class 1262 OID 24759)
-- Name: login_bd; Type: DATABASE; Schema: -; Owner: postgres
--

CREATE DATABASE login_bd WITH TEMPLATE = template0 ENCODING = 'UTF8' LOCALE = 'Spanish_Spain.1252';


ALTER DATABASE login_bd OWNER TO postgres;

\connect login_bd

SET statement_timeout = 0;
SET lock_timeout = 0;
SET idle_in_transaction_session_timeout = 0;
SET client_encoding = 'UTF8';
SET standard_conforming_strings = on;
SELECT pg_catalog.set_config('search_path', '', false);
SET check_function_bodies = false;
SET xmloption = content;
SET client_min_messages = warning;
SET row_security = off;

SET default_tablespace = '';

SET default_table_access_method = heap;

--
-- TOC entry 210 (class 1259 OID 32768)
-- Name: area; Type: TABLE; Schema: public; Owner: postgres
--

CREATE TABLE public.area (
    codigo_area integer NOT NULL,
    especialidad_area character varying
);


ALTER TABLE public.area OWNER TO postgres;

--
-- TOC entry 211 (class 1259 OID 32775)
-- Name: doctor; Type: TABLE; Schema: public; Owner: postgres
--

CREATE TABLE public.doctor (
    cedula_doctor numeric NOT NULL,
    nombre_doctor character varying,
    telefono_doctor numeric,
    tipo_doctor character varying,
    especialidad_doctor integer
);


ALTER TABLE public.doctor OWNER TO postgres;

--
-- TOC entry 213 (class 1259 OID 32789)
-- Name: ingreso; Type: TABLE; Schema: public; Owner: postgres
--

CREATE TABLE public.ingreso (
    cedula_paciente integer,
    nombre_paciente character varying,
    fecha_ingreso date
);


ALTER TABLE public.ingreso OWNER TO postgres;

--
-- TOC entry 212 (class 1259 OID 32782)
-- Name: paciente; Type: TABLE; Schema: public; Owner: postgres
--

CREATE TABLE public.paciente (
    cedula_paciente integer NOT NULL,
    nombre_paciente character varying,
    edad_paciente integer,
    telefono_paciente integer
);


ALTER TABLE public.paciente OWNER TO postgres;

--
-- TOC entry 214 (class 1259 OID 32794)
-- Name: salida; Type: TABLE; Schema: public; Owner: postgres
--

CREATE TABLE public.salida (
    cedula_paciente integer,
    nombre_paciente character varying,
    fecha_ingreso date,
    fecha_salida date,
    nombre_doctor character varying,
    estado_paciente character varying,
    valor_pagar integer
);


ALTER TABLE public.salida OWNER TO postgres;

--
-- TOC entry 209 (class 1259 OID 24767)
-- Name: usuario; Type: TABLE; Schema: public; Owner: postgres
--

CREATE TABLE public.usuario (
    nombre character varying,
    documento character varying,
    correo character varying,
    telefono character varying,
    "contraseña" character varying
);


ALTER TABLE public.usuario OWNER TO postgres;

--
-- TOC entry 3332 (class 0 OID 32768)
-- Dependencies: 210
-- Data for Name: area; Type: TABLE DATA; Schema: public; Owner: postgres
--

COPY public.area (codigo_area, especialidad_area) FROM stdin;
0	Medico General
2	Anestesiologia
3	Angiologia
4	Cardiología
5	Endocrinologia
6	Estomatologia
7	Farmacologia Clinica
8	Gastroenterologia
9	Genetica
10	Geriatria
11	Hematologia
12	Hepatologia
13	Infectologia
14	Medicina aeroespacial
15	Medicina del deporte
16	Medicina familiar y comunitaria
17	Medicina fisica y rehabilitacion
18	Medicina forense
19	Medicina intensiva
20	Medicina interna
21	Medicina preventiva y salud publica
22	Medicina del trabajo
23	Nefrologia
24	Neumologia
25	Neurologia
26	Nutriologia
27	Oncologia medica
28	Oncologia radioterapica
29	Pediatria
30	Psiquiatria
31	Reumatologia
32	Toxicologia
1	Alergologia
\.


--
-- TOC entry 3333 (class 0 OID 32775)
-- Dependencies: 211
-- Data for Name: doctor; Type: TABLE DATA; Schema: public; Owner: postgres
--

COPY public.doctor (cedula_doctor, nombre_doctor, telefono_doctor, tipo_doctor, especialidad_doctor) FROM stdin;
6629441230	Willi Flieg	4011133190	Medico General	0
6616811219	Antonius McVitty	4045107134	Especialista	1
5019771771	Leanna Patriche	7934602635	Especialista	2
7638152651	Chaddie Boanas	8707573140	Especialista	3
3888821753	Aretha Langhor	5555663535	Especialista	4
3041049367	Web Kehir	8332099436	Especialista	5
2759715816	Licha Dunford	5369141497	Medico General	0
2026245822	Corabella Braisted	5025765078	Especialista	6
7014371513	Siobhan Diego	5598137283	Especialista	7
7486603521	Sheree Abrahamoff	4149002479	Medico General	0
6409445753	Huntington Franckton	9782860135	Especialista	8
8166175042	Leia Scurry	9558243733	Especialista	9
1078201483	Micah Core	8012069980	Especialista	10
2923373178	Thedric Mashro	4695856665	Especialista	10
3421668569	Davina Hessentaler	1866776398	Medico General	0
3695712815	Ronna Kopps	9991869619	Especialista	11
2616066078	Kandy Round	6687871268	Medico General	0
2866438984	Delmer Malenoir	9438715676	Especialista	12
3491622364	Niccolo Juste	8245084306	Especialista	13
2621593370	Alejoa Brazur	3579009308	Especialista	14
7997689612	Bernete Llewhellin	7105345129	Especialista	15
5545155730	Fern Pilsworth	4007450827	Especialista	16
5012016415	Wash Gainsford	1161091093	Especialista	17
3898933255	Michel Herries	9439793254	Especialista	18
2464898379	Sella Rahlof	4083194797	Especialista	19
5246613773	Vanna Kort	1159266829	Especialista	20
4874530866	Drona Sandifer	5688561313	Especialista	21
1248295764	Marie-ann Sly	3119772200	Especialista	22
2368376839	Mona Hlavecek	9985846979	Especialista	23
8018132662	Karlyn Schade	4824393783	Especialista	24
1781803378	Michael Salvador	3643489857	Especialista	25
6963871869	Giovanni Ferrone	3502227490	Especialista	26
6952438659	Fawne Larkcum	4065790044	Especialista	27
5878019570	Garth Kiossel	8368363381	Especialista	28
3805869636	Diane Floyde	1824867069	Especialista	29
6367461129	Oralie Ambrodi	4024349029	Especialista	30
7352029154	Joyce Tregea	3534468527	Especialista	31
6562250367	Thomasin Lauder	2237361819	Especialista	32
8399251150	Brok Reavey	3393772104	Medico General	0
\.


--
-- TOC entry 3335 (class 0 OID 32789)
-- Dependencies: 213
-- Data for Name: ingreso; Type: TABLE DATA; Schema: public; Owner: postgres
--

COPY public.ingreso (cedula_paciente, nombre_paciente, fecha_ingreso) FROM stdin;
\.


--
-- TOC entry 3334 (class 0 OID 32782)
-- Dependencies: 212
-- Data for Name: paciente; Type: TABLE DATA; Schema: public; Owner: postgres
--

COPY public.paciente (cedula_paciente, nombre_paciente, edad_paciente, telefono_paciente) FROM stdin;
\.


--
-- TOC entry 3336 (class 0 OID 32794)
-- Dependencies: 214
-- Data for Name: salida; Type: TABLE DATA; Schema: public; Owner: postgres
--

COPY public.salida (cedula_paciente, nombre_paciente, fecha_ingreso, fecha_salida, nombre_doctor, estado_paciente, valor_pagar) FROM stdin;
\.


--
-- TOC entry 3331 (class 0 OID 24767)
-- Dependencies: 209
-- Data for Name: usuario; Type: TABLE DATA; Schema: public; Owner: postgres
--

COPY public.usuario (nombre, documento, correo, telefono, "contraseña") FROM stdin;
\.


--
-- TOC entry 3184 (class 2606 OID 32774)
-- Name: area area_pkey; Type: CONSTRAINT; Schema: public; Owner: postgres
--

ALTER TABLE ONLY public.area
    ADD CONSTRAINT area_pkey PRIMARY KEY (codigo_area);


--
-- TOC entry 3186 (class 2606 OID 32868)
-- Name: doctor doctor_pkey; Type: CONSTRAINT; Schema: public; Owner: postgres
--

ALTER TABLE ONLY public.doctor
    ADD CONSTRAINT doctor_pkey PRIMARY KEY (cedula_doctor);


--
-- TOC entry 3188 (class 2606 OID 32788)
-- Name: paciente paciente_pkey; Type: CONSTRAINT; Schema: public; Owner: postgres
--

ALTER TABLE ONLY public.paciente
    ADD CONSTRAINT paciente_pkey PRIMARY KEY (cedula_paciente);


--
-- TOC entry 3191 (class 2606 OID 32809)
-- Name: salida cedula_paciente; Type: FK CONSTRAINT; Schema: public; Owner: postgres
--

ALTER TABLE ONLY public.salida
    ADD CONSTRAINT cedula_paciente FOREIGN KEY (cedula_paciente) REFERENCES public.paciente(cedula_paciente) NOT VALID;


--
-- TOC entry 3189 (class 2606 OID 32819)
-- Name: doctor especialidad_doctor; Type: FK CONSTRAINT; Schema: public; Owner: postgres
--

ALTER TABLE ONLY public.doctor
    ADD CONSTRAINT especialidad_doctor FOREIGN KEY (especialidad_doctor) REFERENCES public.area(codigo_area) NOT VALID;


--
-- TOC entry 3190 (class 2606 OID 32804)
-- Name: ingreso ingreso_paciente_fkey; Type: FK CONSTRAINT; Schema: public; Owner: postgres
--

ALTER TABLE ONLY public.ingreso
    ADD CONSTRAINT ingreso_paciente_fkey FOREIGN KEY (cedula_paciente) REFERENCES public.paciente(cedula_paciente) NOT VALID;


-- Completed on 2022-02-10 01:27:10

--
-- PostgreSQL database dump complete
--

--
-- Database "postgres" dump
--

\connect postgres

--
-- PostgreSQL database dump
--

-- Dumped from database version 14.1
-- Dumped by pg_dump version 14.1

-- Started on 2022-02-10 01:27:10

SET statement_timeout = 0;
SET lock_timeout = 0;
SET idle_in_transaction_session_timeout = 0;
SET client_encoding = 'UTF8';
SET standard_conforming_strings = on;
SELECT pg_catalog.set_config('search_path', '', false);
SET check_function_bodies = false;
SET xmloption = content;
SET client_min_messages = warning;
SET row_security = off;

--
-- TOC entry 2 (class 3079 OID 16384)
-- Name: adminpack; Type: EXTENSION; Schema: -; Owner: -
--

CREATE EXTENSION IF NOT EXISTS adminpack WITH SCHEMA pg_catalog;


--
-- TOC entry 3314 (class 0 OID 0)
-- Dependencies: 2
-- Name: EXTENSION adminpack; Type: COMMENT; Schema: -; Owner: 
--

COMMENT ON EXTENSION adminpack IS 'administrative functions for PostgreSQL';


SET default_tablespace = '';

SET default_table_access_method = heap;

--
-- TOC entry 211 (class 1259 OID 32825)
-- Name: prueba; Type: TABLE; Schema: public; Owner: postgres
--

CREATE TABLE public.prueba (
    colum1 integer NOT NULL,
    colum2 character varying,
    colum3 integer
);


ALTER TABLE public.prueba OWNER TO postgres;

--
-- TOC entry 210 (class 1259 OID 32824)
-- Name: prueba_colum1_seq; Type: SEQUENCE; Schema: public; Owner: postgres
--

CREATE SEQUENCE public.prueba_colum1_seq
    AS integer
    START WITH 1
    INCREMENT BY 1
    NO MINVALUE
    NO MAXVALUE
    CACHE 1;


ALTER TABLE public.prueba_colum1_seq OWNER TO postgres;

--
-- TOC entry 3315 (class 0 OID 0)
-- Dependencies: 210
-- Name: prueba_colum1_seq; Type: SEQUENCE OWNED BY; Schema: public; Owner: postgres
--

ALTER SEQUENCE public.prueba_colum1_seq OWNED BY public.prueba.colum1;


--
-- TOC entry 3165 (class 2604 OID 32828)
-- Name: prueba colum1; Type: DEFAULT; Schema: public; Owner: postgres
--

ALTER TABLE ONLY public.prueba ALTER COLUMN colum1 SET DEFAULT nextval('public.prueba_colum1_seq'::regclass);


--
-- TOC entry 3308 (class 0 OID 32825)
-- Dependencies: 211
-- Data for Name: prueba; Type: TABLE DATA; Schema: public; Owner: postgres
--

COPY public.prueba (colum1, colum2, colum3) FROM stdin;
1	a	1
2	b	2
3	d	4
\.


--
-- TOC entry 3316 (class 0 OID 0)
-- Dependencies: 210
-- Name: prueba_colum1_seq; Type: SEQUENCE SET; Schema: public; Owner: postgres
--

SELECT pg_catalog.setval('public.prueba_colum1_seq', 3, true);


--
-- TOC entry 3167 (class 2606 OID 32832)
-- Name: prueba prueba_pkey; Type: CONSTRAINT; Schema: public; Owner: postgres
--

ALTER TABLE ONLY public.prueba
    ADD CONSTRAINT prueba_pkey PRIMARY KEY (colum1);


-- Completed on 2022-02-10 01:27:12

--
-- PostgreSQL database dump complete
--

--
-- Database "transporte" dump
--

--
-- PostgreSQL database dump
--

-- Dumped from database version 14.1
-- Dumped by pg_dump version 14.1

-- Started on 2022-02-10 01:27:12

SET statement_timeout = 0;
SET lock_timeout = 0;
SET idle_in_transaction_session_timeout = 0;
SET client_encoding = 'UTF8';
SET standard_conforming_strings = on;
SELECT pg_catalog.set_config('search_path', '', false);
SET check_function_bodies = false;
SET xmloption = content;
SET client_min_messages = warning;
SET row_security = off;

--
-- TOC entry 3357 (class 1262 OID 24661)
-- Name: transporte; Type: DATABASE; Schema: -; Owner: postgres
--

CREATE DATABASE transporte WITH TEMPLATE = template0 ENCODING = 'UTF8' LOCALE = 'Spanish_Spain.1252';


ALTER DATABASE transporte OWNER TO postgres;

\connect transporte

SET statement_timeout = 0;
SET lock_timeout = 0;
SET idle_in_transaction_session_timeout = 0;
SET client_encoding = 'UTF8';
SET standard_conforming_strings = on;
SELECT pg_catalog.set_config('search_path', '', false);
SET check_function_bodies = false;
SET xmloption = content;
SET client_min_messages = warning;
SET row_security = off;

SET default_tablespace = '';

SET default_table_access_method = heap;

--
-- TOC entry 210 (class 1259 OID 24663)
-- Name: estacion; Type: TABLE; Schema: public; Owner: postgres
--

CREATE TABLE public.estacion (
    id integer NOT NULL,
    nombre character varying,
    direccion character varying
);


ALTER TABLE public.estacion OWNER TO postgres;

--
-- TOC entry 209 (class 1259 OID 24662)
-- Name: estacion_id_seq; Type: SEQUENCE; Schema: public; Owner: postgres
--

CREATE SEQUENCE public.estacion_id_seq
    AS integer
    START WITH 1
    INCREMENT BY 1
    NO MINVALUE
    NO MAXVALUE
    CACHE 1;


ALTER TABLE public.estacion_id_seq OWNER TO postgres;

--
-- TOC entry 3358 (class 0 OID 0)
-- Dependencies: 209
-- Name: estacion_id_seq; Type: SEQUENCE OWNED BY; Schema: public; Owner: postgres
--

ALTER SEQUENCE public.estacion_id_seq OWNED BY public.estacion.id;


--
-- TOC entry 214 (class 1259 OID 24681)
-- Name: pasajero; Type: TABLE; Schema: public; Owner: postgres
--

CREATE TABLE public.pasajero (
    id integer NOT NULL,
    nombre character varying,
    direccion character varying,
    fecha_nacimiento date
);


ALTER TABLE public.pasajero OWNER TO postgres;

--
-- TOC entry 213 (class 1259 OID 24680)
-- Name: pasajero_id_seq; Type: SEQUENCE; Schema: public; Owner: postgres
--

CREATE SEQUENCE public.pasajero_id_seq
    AS integer
    START WITH 1
    INCREMENT BY 1
    NO MINVALUE
    NO MAXVALUE
    CACHE 1;


ALTER TABLE public.pasajero_id_seq OWNER TO postgres;

--
-- TOC entry 3359 (class 0 OID 0)
-- Dependencies: 213
-- Name: pasajero_id_seq; Type: SEQUENCE OWNED BY; Schema: public; Owner: postgres
--

ALTER SEQUENCE public.pasajero_id_seq OWNED BY public.pasajero.id;


--
-- TOC entry 218 (class 1259 OID 24721)
-- Name: trayecto; Type: TABLE; Schema: public; Owner: postgres
--

CREATE TABLE public.trayecto (
    id integer NOT NULL,
    id_estacion integer,
    id_tren integer,
    nombre character varying
);


ALTER TABLE public.trayecto OWNER TO postgres;

--
-- TOC entry 217 (class 1259 OID 24720)
-- Name: trayecto_id_seq; Type: SEQUENCE; Schema: public; Owner: postgres
--

CREATE SEQUENCE public.trayecto_id_seq
    AS integer
    START WITH 1
    INCREMENT BY 1
    NO MINVALUE
    NO MAXVALUE
    CACHE 1;


ALTER TABLE public.trayecto_id_seq OWNER TO postgres;

--
-- TOC entry 3360 (class 0 OID 0)
-- Dependencies: 217
-- Name: trayecto_id_seq; Type: SEQUENCE OWNED BY; Schema: public; Owner: postgres
--

ALTER SEQUENCE public.trayecto_id_seq OWNED BY public.trayecto.id;


--
-- TOC entry 212 (class 1259 OID 24672)
-- Name: tren; Type: TABLE; Schema: public; Owner: postgres
--

CREATE TABLE public.tren (
    id integer NOT NULL,
    modelo character varying,
    capacidad integer
);


ALTER TABLE public.tren OWNER TO postgres;

--
-- TOC entry 211 (class 1259 OID 24671)
-- Name: tren_id_seq; Type: SEQUENCE; Schema: public; Owner: postgres
--

CREATE SEQUENCE public.tren_id_seq
    AS integer
    START WITH 1
    INCREMENT BY 1
    NO MINVALUE
    NO MAXVALUE
    CACHE 1;


ALTER TABLE public.tren_id_seq OWNER TO postgres;

--
-- TOC entry 3361 (class 0 OID 0)
-- Dependencies: 211
-- Name: tren_id_seq; Type: SEQUENCE OWNED BY; Schema: public; Owner: postgres
--

ALTER SEQUENCE public.tren_id_seq OWNED BY public.tren.id;


--
-- TOC entry 216 (class 1259 OID 24699)
-- Name: viaje; Type: TABLE; Schema: public; Owner: postgres
--

CREATE TABLE public.viaje (
    id integer NOT NULL,
    id_pasajero integer,
    id_trayecto integer,
    inicio time without time zone,
    fin time without time zone
);


ALTER TABLE public.viaje OWNER TO postgres;

--
-- TOC entry 215 (class 1259 OID 24698)
-- Name: viaje_id_seq; Type: SEQUENCE; Schema: public; Owner: postgres
--

CREATE SEQUENCE public.viaje_id_seq
    AS integer
    START WITH 1
    INCREMENT BY 1
    NO MINVALUE
    NO MAXVALUE
    CACHE 1;


ALTER TABLE public.viaje_id_seq OWNER TO postgres;

--
-- TOC entry 3362 (class 0 OID 0)
-- Dependencies: 215
-- Name: viaje_id_seq; Type: SEQUENCE OWNED BY; Schema: public; Owner: postgres
--

ALTER SEQUENCE public.viaje_id_seq OWNED BY public.viaje.id;


--
-- TOC entry 3184 (class 2604 OID 24666)
-- Name: estacion id; Type: DEFAULT; Schema: public; Owner: postgres
--

ALTER TABLE ONLY public.estacion ALTER COLUMN id SET DEFAULT nextval('public.estacion_id_seq'::regclass);


--
-- TOC entry 3186 (class 2604 OID 24684)
-- Name: pasajero id; Type: DEFAULT; Schema: public; Owner: postgres
--

ALTER TABLE ONLY public.pasajero ALTER COLUMN id SET DEFAULT nextval('public.pasajero_id_seq'::regclass);


--
-- TOC entry 3188 (class 2604 OID 24724)
-- Name: trayecto id; Type: DEFAULT; Schema: public; Owner: postgres
--

ALTER TABLE ONLY public.trayecto ALTER COLUMN id SET DEFAULT nextval('public.trayecto_id_seq'::regclass);


--
-- TOC entry 3185 (class 2604 OID 24675)
-- Name: tren id; Type: DEFAULT; Schema: public; Owner: postgres
--

ALTER TABLE ONLY public.tren ALTER COLUMN id SET DEFAULT nextval('public.tren_id_seq'::regclass);


--
-- TOC entry 3187 (class 2604 OID 24702)
-- Name: viaje id; Type: DEFAULT; Schema: public; Owner: postgres
--

ALTER TABLE ONLY public.viaje ALTER COLUMN id SET DEFAULT nextval('public.viaje_id_seq'::regclass);


--
-- TOC entry 3343 (class 0 OID 24663)
-- Dependencies: 210
-- Data for Name: estacion; Type: TABLE DATA; Schema: public; Owner: postgres
--

COPY public.estacion (id, nombre, direccion) FROM stdin;
2	Estacion Norte	St 100 #112
3	Rogahn and Sons	53 Pierstorff Alley
4	Nicolas, Erdman and Rogahn	19028 Fair Oaks Plaza
5	McDermott and Sons	88 Lakewood Avenue
6	Treutel Inc	75 Londonderry Avenue
7	Conroy Group	9390 Menomonie Point
8	Stokes-Orn	3702 Myrtle Pass
9	Schuppe and Sons	6 Jay Court
10	Oberbrunner, Torphy and Lind	605 Sullivan Lane
11	Klein-Stiedemann	75 Heath Point
12	Romaguera and Sons	970 Hudson Court
13	Bayer-Stark	99060 Sheridan Junction
14	Price, Jacobi and Walker	85 Tony Crossing
15	Boehm-Johnson	8213 Hallows Parkway
16	Stanton-Bartell	13 Oak Hill
17	Hoppe, Kessler and Rodriguez	8311 Lillian Trail
18	Bernhard-Hammes	02 Surrey Pass
19	Barrows Group	89 Karstens Alley
20	Graham and Sons	03 Scott Drive
21	Streich Inc	1 Bartelt Plaza
22	Barrows, Hahn and Reynolds	9599 Dixon Road
23	Volkman-Auer	172 Blaine Parkway
24	Connelly LLC	14 Nobel Court
25	Bailey-Altenwerth	5548 Ilene Avenue
26	Gislason, Emard and Bernier	83144 Dovetail Lane
27	Weissnat, Leffler and Ferry	64 Express Way
28	Leannon, Wiza and Donnelly	82 Glacier Hill Avenue
29	Keeling Inc	7235 Morningstar Place
30	Harber, Jenkins and Rice	942 High Crossing Road
31	Orn-Schuster	889 Westerfield Pass
32	Runolfsdottir LLC	93945 Tennyson Center
33	Swaniawski-Hessel	4 Farwell Point
34	Schneider and Sons	25531 Talisman Center
35	Heller-Kilback	582 Mesta Alley
36	Nikolaus Inc	03 Dennis Plaza
37	Prohaska and Sons	19 Bultman Way
38	Emmerich, Ondricka and Rodriguez	9096 Di Loreto Street
39	Kuvalis-Reichel	844 Sutherland Place
40	Steuber-Bauch	00 Bluejay Park
41	Breitenberg-Heathcote	13995 Arizona Hill
42	Greenfelder-Price	401 Messerschmidt Parkway
43	Jones and Sons	885 Esker Alley
44	Schmitt-Stiedemann	48903 Debs Circle
45	Schmeler, O'Conner and Reichel	23977 1st Court
46	Stehr, Adams and Gutmann	5 Hudson Trail
47	Hickle-Lang	11 Straubel Center
48	Reinger and Sons	4250 Homewood Center
49	O'Hara, Weber and Mante	9 Veith Park
50	Franecki Inc	2 Dakota Place
51	Morissette-Gerlach	01929 Marquette Drive
52	Cormier, McGlynn and Sipes	950 Monument Alley
53	Fay LLC	02 Fuller Point
54	Feest-Pfeffer	3 Ronald Regan Terrace
55	Nolan, Schumm and Schmidt	58 Warbler Circle
56	Pfannerstill-Schuster	29 Northfield Way
57	Kihn-Schamberger	60 Almo Terrace
58	Tillman, Ferry and Lindgren	48762 Shopko Road
59	Daugherty, Bosco and Morar	32 Katie Alley
60	Lueilwitz, Berge and Schuster	035 North Crossing
61	Swaniawski, Kovacek and Labadie	067 Green Ridge Road
62	Jakubowski-Douglas	63585 Hollow Ridge Place
63	Conn and Sons	475 Crownhardt Point
64	Nikolaus-Cartwright	3 Beilfuss Plaza
65	Weissnat-Bergstrom	1 Valley Edge Drive
66	Conn Group	18461 Starling Place
67	Willms-Wehner	445 Hoepker Trail
68	Robel and Sons	4526 Eastwood Pass
69	Nitzsche, Schmeler and Luettgen	39 Washington Parkway
70	Fisher-Jakubowski	2 Sunbrook Place
71	Bartell-Deckow	1698 Dixon Terrace
72	Gibson-O'Conner	701 Fulton Parkway
73	Johns, Toy and Larkin	2579 Lakeland Junction
74	Kunze-Powlowski	32556 Bluestem Drive
75	Hagenes-Doyle	654 Menomonie Pass
76	Gaylord, Turcotte and Bradtke	39 Rowland Plaza
77	Romaguera Inc	4856 Division Way
78	Kovacek-Stokes	57352 Pennsylvania Court
79	Koelpin, Cole and Kiehn	5 Hovde Parkway
80	Anderson-Wolff	352 Victoria Alley
81	Bashirian, Murphy and Lebsack	38 Bonner Court
82	Stanton Inc	061 Sheridan Lane
83	Herman, Marks and Will	345 Vermont Trail
84	Nicolas Inc	5267 Lotheville Court
85	Schulist LLC	724 Mayfield Park
86	Walker Inc	23 Merchant Way
87	Fritsch-Reynolds	320 Ridge Oak Terrace
88	Okuneva Inc	85812 Cherokee Court
89	Kozey-Steuber	56 Carberry Way
90	Bechtelar Group	8624 Superior Plaza
91	Graham-Halvorson	50183 Karstens Point
92	Klocko, Smitham and Labadie	685 Talmadge Junction
93	Doyle, Lubowitz and Gutmann	1 Dennis Parkway
94	Waters and Sons	7 Starling Plaza
95	Turner-Predovic	03036 Troy Court
96	Gibson-Bartell	7 Dayton Street
97	Graham-Paucek	88 Meadow Vale Point
98	Hodkiewicz Inc	4 Blaine Pass
99	Borer, Morissette and Grimes	714 Menomonie Alley
100	Frami and Sons	3 Sage Hill
101	Cronin LLC	897 Bultman Terrace
102	Little LLC	60258 Prairieview Place
1	Nombre	Dire
103	RET	RETDRI
\.


--
-- TOC entry 3347 (class 0 OID 24681)
-- Dependencies: 214
-- Data for Name: pasajero; Type: TABLE DATA; Schema: public; Owner: postgres
--

COPY public.pasajero (id, nombre, direccion, fecha_nacimiento) FROM stdin;
2	Filbert Koppes	Raven	2003-09-01
3	Dawn Nayshe	Northland	2004-02-10
4	Anatola Dadds	Jenifer	2002-12-19
5	Jeannie McAlarney	Charing Cross	2010-05-13
6	Shep Duffill	Brown	1999-09-13
7	Erda Mobberley	Fremont	2003-12-31
8	Wye Beare	Claremont	2016-03-09
9	Valencia Mumm	8th	2019-03-12
10	Leann Dyble	Ridge Oak	2013-10-19
11	Roxane Bale	Myrtle	2011-05-04
12	Aeriel Redgewell	Vahlen	2004-08-12
13	Thor McCambridge	Dapin	2008-01-11
14	Jaime Prenty	Granby	2000-06-23
15	Brigg Barday	Maywood	2004-05-12
16	Rube Petriello	Roth	2005-06-24
17	Adamo Sparway	8th	2019-06-20
18	Iggie Gori	Loeprich	2003-01-04
19	Hughie Mc Curlye	Golf Course	2005-07-18
20	Hermia McKilroe	Morrow	2009-09-17
21	Darcee Imorts	Swallow	2013-11-13
22	Broddie Cyples	Loftsgordon	2004-08-18
23	Cherilynn Speirs	Leroy	2017-03-09
24	Quent Gatchell	Pleasure	2018-04-22
25	Susannah Guinnane	Prairieview	2009-03-19
26	Skippy Cliff	Bultman	2007-07-22
27	Amalita Batcock	Shelley	2016-09-10
28	Rhianon Jozwicki	Thierer	2013-05-28
29	Gery Thurley	Green Ridge	2000-06-25
30	Jae McNiven	Chive	2008-03-22
31	Englebert Stamps	Linden	2019-01-08
32	Evelina Erat	International	2000-08-09
33	Katya MacGuffie	Mifflin	2002-10-31
34	Anthea Driver	Grim	2006-02-02
35	Tracee Coxhead	Sutherland	2014-05-26
36	Belvia Coopey	Boyd	2010-07-30
37	Susi Sanz	Artisan	2006-05-11
38	Shurwood Ormrod	Pierstorff	2002-06-22
39	Sigrid Janssens	Lien	2004-12-27
40	Shandie MacKeeg	Hazelcrest	2012-03-13
41	Jen Hallam	Hollow Ridge	2008-09-15
42	Wallie Webborn	Northland	2002-09-11
43	Jewell Beckerleg	Miller	2005-08-14
44	Gard Redhills	Dayton	2010-03-10
45	Viki Colqueran	Meadow Valley	2014-02-05
46	Eveline Cross	Springview	2005-12-05
47	Ugo Wille	Lighthouse Bay	2011-04-02
48	Danny Dunbleton	Sunbrook	2005-07-30
49	Drew Littlefield	Summit	2003-07-05
50	Peggy Leads	Kipling	2017-07-08
51	Armand Larcombe	Delladonna	2007-11-07
52	Haven Bettington	Hollow Ridge	2000-05-30
53	Catlee McGregor	6th	2005-07-23
54	Herold Antonikov	Utah	2002-01-30
55	Max Baudic	Pierstorff	2007-01-04
56	Carolan Copeland	Schlimgen	2011-04-06
57	Waylen Rapsey	Russell	2001-04-18
58	Billye Laminman	Farwell	2005-03-03
59	Celestina Feathers	Monument	2004-12-13
60	Thaxter Kegg	American	2006-01-12
61	Quintina O'Keefe	Calypso	2009-06-07
62	Devin Kluss	Mifflin	2003-03-12
63	Ailene Tearle	Nova	2014-08-14
64	Debera Banyard	Oxford	2002-07-17
65	Rowney Found	Sachtjen	2003-03-07
66	Chere Attwoul	Tennyson	2010-07-31
67	Kristien Kusick	Hoepker	2018-08-19
68	Gaylor Ccomini	Haas	1999-12-05
69	Harriette Craw	Pearson	2019-08-26
70	Amie Troutbeck	Lakewood Gardens	2017-10-18
71	Emelda Hinnerk	Fair Oaks	2002-06-01
72	Chelsea Blockwell	Ryan	2017-10-11
73	Eden Eglaise	Farwell	2007-04-19
74	Aprilette Downes	Dovetail	2009-01-16
75	Mona Hazelhurst	Mariners Cove	2008-08-27
76	Ariella Osment	Brentwood	2014-09-06
77	Montgomery Shankland	Maryland	2018-09-07
78	Moshe Ambrogio	Forest	2007-08-26
79	Ynes Hallitt	Cardinal	2016-06-28
80	Gwendolyn Lantoph	Autumn Leaf	2018-01-17
81	Ricki Sturge	Forster	2000-11-19
82	Sharity Tavinor	Lyons	2007-09-30
83	Geri Charlin	Darwin	2010-05-06
84	Myrtia Aldred	Dahle	2012-05-25
85	Elli Borgesio	Fremont	2018-10-13
86	Ofella Granger	Northwestern	2005-08-03
87	Hyacinthie McGibbon	Bay	2016-12-03
88	Evangeline Rochelle	Karstens	2006-05-24
89	Kelley Walkey	2nd	2004-05-17
90	Wyndham Kebbell	Clarendon	1999-10-26
91	Mozes Bramont	Heffernan	2011-11-17
92	Pauletta Hutcheons	Mockingbird	2013-05-29
93	Ramsay McKeady	Gulseth	2003-03-03
94	Anatole Jaulmes	East	2004-07-04
95	Mattie Woolmer	Cody	2013-05-13
96	Carny Riccardini	Eagan	2018-02-12
97	Kimberley Ginni	Novick	2004-07-01
98	Caryl Scotchmur	Chive	2015-02-21
99	Maegan Jindacek	Warner	2008-12-27
100	Felicio Petracek	Butterfield	2008-12-04
1	\N	North	2003-01-18
\.


--
-- TOC entry 3351 (class 0 OID 24721)
-- Dependencies: 218
-- Data for Name: trayecto; Type: TABLE DATA; Schema: public; Owner: postgres
--

COPY public.trayecto (id, id_estacion, id_tren, nombre) FROM stdin;
3	1	1	Ruta 2
16	87	72	Zamit
17	72	63	Zamit
18	50	68	Zamit
19	6	20	Konklab
20	84	28	Span
21	19	2	Toughjoyfax
22	9	81	Ventosanzap
23	15	21	Stim
24	59	83	Rank
25	96	51	Sub-Ex
26	89	49	Ventosanzap
27	65	46	Veribet
28	86	90	Keylex
29	62	74	Toughjoyfax
30	77	102	Vagram
31	78	79	Latlux
32	86	81	Matsoft
33	84	55	Voyatouch
34	12	57	Andalax
35	70	19	Holdlamis
36	47	96	Quo Lux
37	33	35	Keylex
38	15	5	Matsoft
39	92	79	Veribet
40	101	53	Trippledex
41	8	17	Flexidy
42	55	82	Sonsing
43	3	85	Tresom
44	66	21	Sonair
45	93	53	Prodder
46	70	5	Hatity
47	18	76	Trippledex
48	78	99	Matsoft
49	30	58	Ventosanzap
50	67	70	Quo Lux
51	20	56	Subin
52	56	10	Konklux
53	48	27	Hatity
54	46	33	Cardguard
55	32	10	Aerified
56	16	78	Zoolab
57	37	23	Span
58	2	42	Fix San
59	72	59	Bigtax
60	43	15	Treeflex
61	10	68	Kanlam
62	96	74	Solarbreeze
63	5	58	Ventosanzap
64	71	38	Wrapsafe
65	26	29	Flowdesk
66	1	101	Zathin
67	18	31	Cookley
68	86	42	Aerified
69	16	75	Stringtough
70	25	35	Cardguard
71	37	92	Tampflex
72	3	57	Zaam-Dox
73	86	97	Zaam-Dox
74	52	27	Asoka
75	42	65	Vagram
76	43	11	Asoka
77	24	95	Holdlamis
78	90	25	Tres-Zap
79	40	54	Matsoft
80	26	30	Gembucket
81	9	32	Solarbreeze
82	93	16	Trippledex
83	44	83	Wrapsafe
84	59	64	Overhold
85	14	15	Konklux
86	4	19	Overhold
87	22	70	Cardguard
88	35	96	Fix San
89	42	15	Alpha
90	65	70	Prodder
91	68	41	Pannier
92	59	71	Sonair
93	9	100	Bytecard
94	11	31	Cardify
95	82	31	Stim
96	3	58	Daltfresh
97	72	20	Solarbreeze
98	79	77	Pannier
99	92	82	Fintone
100	26	32	Transcof
101	85	3	Cookley
102	74	39	Holdlamis
103	55	96	Tampflex
104	10	26	Y-find
105	41	52	Flowdesk
106	83	71	Span
107	65	75	Fintone
108	89	72	Quo Lux
109	49	90	Rank
110	70	94	Fixflex
111	3	55	Otcom
112	88	71	Span
113	83	2	Zathin
114	74	87	Rank
115	96	87	It
13	97	98	absa
5	98	99	wall
8	99	100	border
11	100	101	borderlands
1	101	102	borderlands 2
2	102	102	borderlands 2
4	10	20	borderlands 3
14	11	22	castelvania
9	13	42	castelvania2
15	63	72	castelvania3
10	43	92	wester
\.


--
-- TOC entry 3345 (class 0 OID 24672)
-- Dependencies: 212
-- Data for Name: tren; Type: TABLE DATA; Schema: public; Owner: postgres
--

COPY public.tren (id, modelo, capacidad) FROM stdin;
1	Modelo 2	150
3	Celica	1
4	A3	2
5	Optima	3
6	Highlander	4
7	Endeavor	5
8	M Roadster	6
9	Firefly	7
10	Z4 M	8
11	R-Class	9
12	Town & Country	10
13	928	11
14	F150	12
15	626	13
16	Windstar	14
17	Grand Voyager	15
18	Falcon	16
19	Sorento	17
20	Sonata	18
21	V50	19
22	XLR	20
23	Cherokee	21
24	300SL	22
25	3500	23
26	Econoline E150	24
27	Forenza	25
28	Range Rover	26
29	Suburban 2500	27
30	Wrangler	28
31	CTS	29
32	Continental	30
33	Sable	31
34	A4	32
35	Metro	33
36	Cayenne	34
37	X3	35
38	Aspire	36
39	Grand Prix	37
40	Ram Van 2500	38
41	S80	39
42	Justy	40
43	Land Cruiser	41
44	62	42
45	GT-R	43
46	Vandura 2500	44
47	Endeavor	45
48	Explorer Sport	46
49	S-Class	47
50	200	48
51	Concorde	49
52	Impreza	50
53	Dakota Club	51
54	Type 2	52
55	Santa Fe	53
56	Taurus	54
57	Canyon	55
58	Express 3500	56
59	Ramcharger	57
60	Boxster	58
61	Hearse	59
62	Ranger	60
63	Grand Marquis	61
64	911	62
65	Focus	63
66	Panamera	64
67	Thunderbird	65
68	Avanti	66
69	Paseo	67
70	Skylark	68
71	Avenger	69
72	Impreza	70
73	ES	71
74	LS	72
75	Escalade	73
76	Cirrus	74
77	SC	75
78	Sierra 2500	76
79	Mazda3	77
80	Impreza	78
81	T100 Xtra	79
82	Vandura 1500	80
83	IS	81
84	MKS	82
85	Challenger	83
86	H1	84
87	Escalade ESV	85
88	911	86
89	Vibe	87
90	Challenger	88
91	Lancer Evolution	89
92	Topaz	90
93	STS	91
94	PT Cruiser	92
95	3500 Club Coupe	93
96	Town Car	94
97	Excel	95
98	GT-R	96
99	M Roadster	97
100	Accord	98
101	Celica	99
102	Jetta	100
2	Modelo 1	100
\.


--
-- TOC entry 3349 (class 0 OID 24699)
-- Dependencies: 216
-- Data for Name: viaje; Type: TABLE DATA; Schema: public; Owner: postgres
--

COPY public.viaje (id, id_pasajero, id_trayecto, inicio, fin) FROM stdin;
297	87	13	17:55:49	19:23:58
298	53	26	04:14:38	04:27:57
299	73	75	19:30:31	06:48:17
300	89	5	04:15:02	01:13:05
301	69	35	01:18:38	12:35:39
302	54	94	16:55:33	17:19:23
303	96	101	14:40:12	10:02:33
304	13	101	11:26:27	10:24:45
305	81	50	11:42:55	19:17:50
306	99	8	07:55:11	12:11:58
307	44	62	13:54:28	01:03:33
308	55	92	16:13:13	15:29:34
309	82	11	17:17:02	00:12:20
310	5	8	15:46:21	11:43:42
311	30	88	14:25:50	22:24:03
312	80	1	22:59:27	01:27:58
313	97	2	00:26:30	08:16:31
314	49	40	17:07:49	16:23:05
315	40	71	23:20:59	11:45:03
316	81	4	14:29:45	03:09:22
317	22	19	18:56:38	12:59:41
318	2	63	19:54:47	03:26:15
319	28	25	14:04:55	18:57:08
320	50	69	14:07:14	16:16:24
321	53	96	23:50:13	22:59:59
322	23	30	19:53:45	09:08:17
323	4	43	16:21:46	13:15:02
324	52	28	14:19:37	19:37:29
325	43	13	20:41:52	16:07:57
326	54	14	22:33:09	19:32:39
327	89	26	05:12:58	18:56:34
328	77	28	11:22:33	15:04:17
329	17	73	00:29:57	03:03:52
330	63	94	20:37:34	05:08:37
331	10	20	04:27:39	06:05:00
332	53	32	12:43:05	09:36:35
333	37	72	22:42:55	15:36:19
334	38	63	08:19:26	01:08:48
335	14	96	04:48:05	13:07:44
336	45	59	17:54:16	01:20:06
337	40	31	18:06:30	00:23:29
338	64	62	00:00:23	07:48:19
339	83	4	18:26:01	17:35:21
340	100	58	07:49:33	23:08:56
341	87	62	05:55:14	21:45:38
342	86	1	08:06:59	04:35:04
343	81	9	00:40:29	21:12:17
344	100	43	21:37:12	21:47:57
345	53	89	04:28:24	12:58:46
346	54	92	00:49:44	09:30:58
347	76	68	17:22:12	21:52:24
348	71	64	23:06:12	18:16:18
349	18	21	18:40:26	04:08:38
350	32	89	01:43:25	21:07:59
351	63	56	15:53:01	16:57:24
352	100	100	12:19:57	13:57:31
353	31	38	00:54:29	12:48:01
354	56	11	12:03:36	00:48:57
355	66	38	19:20:02	07:13:51
356	9	78	08:54:41	20:19:28
357	66	68	06:44:36	02:35:56
358	1	80	17:27:07	16:48:07
359	26	15	16:44:53	22:55:33
360	80	1	06:01:48	06:03:00
361	26	76	01:04:02	03:32:56
362	68	28	14:23:50	17:57:13
363	18	34	13:20:58	07:28:27
364	62	53	21:52:17	15:16:37
365	71	4	02:09:13	22:08:13
366	7	64	23:45:01	04:03:54
367	50	31	00:13:23	17:30:43
368	28	80	12:31:47	09:17:14
369	29	73	05:47:10	20:40:29
370	38	47	22:10:59	05:00:16
371	60	10	14:40:42	21:29:26
372	13	39	14:09:42	06:12:28
373	41	68	18:50:09	04:00:13
374	16	16	07:18:20	23:03:46
375	71	100	06:01:44	06:03:57
376	67	101	02:35:39	07:09:17
377	15	40	01:59:52	02:28:46
378	31	29	21:14:37	01:48:33
379	78	76	00:48:18	07:26:33
380	63	66	08:14:53	13:05:55
381	40	89	03:13:45	15:56:06
382	1	9	07:41:25	20:53:45
383	87	52	04:54:20	03:09:17
384	41	26	03:28:50	06:11:56
385	11	13	04:12:47	17:57:42
386	81	9	20:31:52	19:09:09
387	44	30	05:13:24	03:57:32
388	17	74	19:48:21	13:43:39
389	35	16	14:07:16	19:30:30
390	63	37	18:13:32	13:34:32
391	66	10	11:24:37	09:53:43
392	3	69	22:28:07	09:26:42
393	60	48	07:47:13	23:46:09
394	35	63	10:41:03	00:35:47
395	48	5	20:25:01	15:58:35
396	25	94	11:23:00	01:44:55
\.


--
-- TOC entry 3363 (class 0 OID 0)
-- Dependencies: 209
-- Name: estacion_id_seq; Type: SEQUENCE SET; Schema: public; Owner: postgres
--

SELECT pg_catalog.setval('public.estacion_id_seq', 103, true);


--
-- TOC entry 3364 (class 0 OID 0)
-- Dependencies: 213
-- Name: pasajero_id_seq; Type: SEQUENCE SET; Schema: public; Owner: postgres
--

SELECT pg_catalog.setval('public.pasajero_id_seq', 100, true);


--
-- TOC entry 3365 (class 0 OID 0)
-- Dependencies: 217
-- Name: trayecto_id_seq; Type: SEQUENCE SET; Schema: public; Owner: postgres
--

SELECT pg_catalog.setval('public.trayecto_id_seq', 115, true);


--
-- TOC entry 3366 (class 0 OID 0)
-- Dependencies: 211
-- Name: tren_id_seq; Type: SEQUENCE SET; Schema: public; Owner: postgres
--

SELECT pg_catalog.setval('public.tren_id_seq', 102, true);


--
-- TOC entry 3367 (class 0 OID 0)
-- Dependencies: 215
-- Name: viaje_id_seq; Type: SEQUENCE SET; Schema: public; Owner: postgres
--

SELECT pg_catalog.setval('public.viaje_id_seq', 396, true);


--
-- TOC entry 3190 (class 2606 OID 24670)
-- Name: estacion estacion_pkey; Type: CONSTRAINT; Schema: public; Owner: postgres
--

ALTER TABLE ONLY public.estacion
    ADD CONSTRAINT estacion_pkey PRIMARY KEY (id);


--
-- TOC entry 3194 (class 2606 OID 24688)
-- Name: pasajero pasajero_pkey; Type: CONSTRAINT; Schema: public; Owner: postgres
--

ALTER TABLE ONLY public.pasajero
    ADD CONSTRAINT pasajero_pkey PRIMARY KEY (id);


--
-- TOC entry 3198 (class 2606 OID 24728)
-- Name: trayecto trayecto_pkey; Type: CONSTRAINT; Schema: public; Owner: postgres
--

ALTER TABLE ONLY public.trayecto
    ADD CONSTRAINT trayecto_pkey PRIMARY KEY (id);


--
-- TOC entry 3192 (class 2606 OID 24679)
-- Name: tren tren_pkey; Type: CONSTRAINT; Schema: public; Owner: postgres
--

ALTER TABLE ONLY public.tren
    ADD CONSTRAINT tren_pkey PRIMARY KEY (id);


--
-- TOC entry 3196 (class 2606 OID 24704)
-- Name: viaje viaje_pkey; Type: CONSTRAINT; Schema: public; Owner: postgres
--

ALTER TABLE ONLY public.viaje
    ADD CONSTRAINT viaje_pkey PRIMARY KEY (id);


--
-- TOC entry 3201 (class 2606 OID 24729)
-- Name: trayecto trayecto_estacion_fkey; Type: FK CONSTRAINT; Schema: public; Owner: postgres
--

ALTER TABLE ONLY public.trayecto
    ADD CONSTRAINT trayecto_estacion_fkey FOREIGN KEY (id_estacion) REFERENCES public.estacion(id) ON UPDATE CASCADE ON DELETE CASCADE NOT VALID;


--
-- TOC entry 3202 (class 2606 OID 24734)
-- Name: trayecto trayecto_tren_fkey; Type: FK CONSTRAINT; Schema: public; Owner: postgres
--

ALTER TABLE ONLY public.trayecto
    ADD CONSTRAINT trayecto_tren_fkey FOREIGN KEY (id_tren) REFERENCES public.tren(id) ON UPDATE CASCADE ON DELETE CASCADE NOT VALID;


--
-- TOC entry 3200 (class 2606 OID 24744)
-- Name: viaje viaje_pasajero_fkey; Type: FK CONSTRAINT; Schema: public; Owner: postgres
--

ALTER TABLE ONLY public.viaje
    ADD CONSTRAINT viaje_pasajero_fkey FOREIGN KEY (id_pasajero) REFERENCES public.pasajero(id) ON UPDATE CASCADE ON DELETE CASCADE NOT VALID;


--
-- TOC entry 3199 (class 2606 OID 24739)
-- Name: viaje viaje_trayecto_fkey; Type: FK CONSTRAINT; Schema: public; Owner: postgres
--

ALTER TABLE ONLY public.viaje
    ADD CONSTRAINT viaje_trayecto_fkey FOREIGN KEY (id_trayecto) REFERENCES public.trayecto(id) ON UPDATE CASCADE ON DELETE CASCADE NOT VALID;


-- Completed on 2022-02-10 01:27:14

--
-- PostgreSQL database dump complete
--

-- Completed on 2022-02-10 01:27:14

--
-- PostgreSQL database cluster dump complete
--

